{"loss": [1.0765241384506226, 0.9414041638374329, 0.9375424385070801, 0.9358593821525574, 0.9352267384529114, 0.9345362782478333, 0.9318058490753174, 0.9310581088066101, 0.9309738278388977, 0.9297971129417419, 0.9284853935241699, 0.9284990429878235, 0.9285145401954651, 0.9272133111953735, 0.9267939329147339, 0.9272738695144653, 0.9288605451583862, 0.9268559217453003, 0.9269436597824097, 0.9261346459388733, 0.9255182147026062, 0.925184965133667, 0.9253175258636475, 0.9254655838012695, 0.9248945713043213, 0.9248057007789612, 0.924749493598938, 0.9255339503288269, 0.9245425462722778, 0.9241257905960083, 0.9239959716796875, 0.9254245162010193, 0.9224216938018799, 0.9238286018371582, 0.9232183694839478, 0.9233301281929016, 0.9225654602050781, 0.9225233197212219, 0.9228596687316895, 0.9225562810897827, 0.9219604730606079, 0.922346293926239, 0.9209359288215637, 0.9212493896484375, 0.9216898679733276, 0.9208196997642517, 0.9203599095344543, 0.9208970665931702, 0.9192051887512207, 0.9196444749832153], "val_loss": [0.9284190535545349, 0.8987233638763428, 0.8985538482666016, 0.9056893587112427, 0.8944090604782104, 0.8873454332351685, 0.8898798227310181, 0.8844418525695801, 0.8965528607368469, 0.8876155018806458, 0.8896445035934448, 0.9121004939079285, 0.8896651268005371, 0.8892146944999695, 0.8881037831306458, 0.8871163725852966, 0.8849037289619446, 0.9147650599479675, 0.8868535161018372, 0.8875836133956909, 0.8846387267112732, 0.8921250700950623, 0.8975951671600342, 0.8842049241065979, 0.8872118592262268, 0.8914226293563843, 0.8881787657737732, 0.8884891867637634, 0.8942380547523499, 0.8919751644134521, 0.9027966260910034, 0.8867514729499817, 0.8909415602684021, 0.8854454755783081, 0.8879818916320801, 0.8873952031135559, 0.8858738541603088, 0.8849741816520691, 0.889404296875, 0.8862924575805664, 0.8844449520111084, 0.8890712857246399, 0.8863953351974487, 0.8982080221176147, 0.8867332935333252, 0.8863871693611145, 0.8849549293518066, 0.8865179419517517, 0.8876908421516418, 0.8866031169891357]}